{
  "epochs": 10,
  "lr": 0.001,
  "weight_decay": 0.0001,
  "train_losses": [
    1.3924522159593697,
    0.9665838282695771,
    0.8133856964003324,
    0.7323206313179835,
    0.6701931621800385,
    0.577120057897378,
    0.5381090288273321,
    0.5123958210886499,
    0.4894674817753193,
    0.4746905351472005
  ],
  "val_losses": [
    1.0902388513239636,
    0.8115848616005302,
    0.6413674472147484,
    0.562480495603886,
    0.5766415906901283,
    0.4429008454008692,
    0.4140551643892429,
    0.38772018646204703,
    0.38305310616041016,
    0.3512288652215339
  ],
  "val_accs": [
    0.6173793395427604,
    0.7122142252328535,
    0.778471634208298,
    0.8059906858594411,
    0.8034504657070279,
    0.8472692633361558,
    0.8606054191363252,
    0.8632514817950889,
    0.8715071972904318,
    0.8814563928873835
  ],
  "best_val_acc": 0.8814563928873835,
  "total_time_sec": 886.9710917472839
}