{
  "pixel_mean": [
    0.5274730920791626,
    0.5640161037445068,
    0.5921856164932251
  ],
  "pixel_std": [
    0.24614576995372772,
    0.2356896847486496,
    0.2593308091163635
  ]
}