sample_idx,index,true,pred,prob
0,0,cat,cat,0.9576168656349182
1,1,ship,ship,0.9971766471862793
2,2,ship,ship,0.9358491897583008
3,3,airplane,airplane,0.4316495358943939
4,4,frog,frog,0.998954176902771
5,5,frog,frog,0.967584490776062
6,6,automobile,automobile,0.7685781121253967
7,7,frog,frog,0.8732513785362244
8,8,cat,cat,0.9979615211486816
9,9,automobile,automobile,0.9350772500038147
10,10,airplane,airplane,0.9933673739433289
11,11,truck,truck,0.9984847903251648
