{
  "train_loss": [
    1.4644778692457412,
    1.1473523112403021,
    1.0346420566982693,
    0.973435111978319,
    0.9204881528748406
  ],
  "val_loss": [
    1.167502088356018,
    1.1469858959197998,
    0.9794216758728027,
    0.8479411052703858,
    0.8111194812774658
  ],
  "train_acc": [
    46.824444444444445,
    59.27333333333333,
    63.39333333333333,
    65.20444444444445,
    67.68666666666667
  ],
  "val_acc": [
    58.2,
    59.3,
    64.36,
    69.7,
    71.78
  ],
  "lr": [
    0.001,
    0.001,
    0.001,
    0.001,
    0.001
  ]
}
